{
  "type": "datasource",
  "name": "PRTG",
  "id": "jasonlashua-prtg-datasource",
  "metrics": true,
  "alerting": true,
  "annotations": true,
  "info": {
    "description": "PRTG Datasource plugin for Grafana",
    "author": {
      "name": "Jason Lashua",
      "url": "https://github.com/neuralfraud"
    },
    "logos": {
      "small": "img/prtglogo.png",
      "large": "img/prtglogo.png"
    },
    "links": [
      {
        "name": "GitHub",
        "url": "https://github.com/neuralfraud/grafana-prtg"
      }
    ],
    "version": "4.0.4",
    "updated": "2017-07-28"
  }
}