{
  "annotations": {
    "list": [
      {
        "builtIn": 1,
        "datasource": "-- Grafana --",
        "enable": true,
        "hide": true,
        "iconColor": "rgba(0, 211, 255, 1)",
        "name": "Annotations & Alerts",
        "type": "dashboard"
      }
    ]
  },
  "editable": true,
  "gnetId": null,
  "graphTooltip": 0,
  "iteration": 1588759251642,
  "links": [],
  "panels": [
    {
        "content": "**Warning** : This is a readonly dashboard, to customize it, make a copy using Save As option and change as needed.",
        "datasource": null,
        "gridPos": {
          "h": 2,
          "w": 24,
          "x": 0,
          "y": 0
        },
        "id": 14,
        "mode": "markdown",
        "options": {},
        "timeFrom": null,
        "timeShift": null,
        "title": "",
        "type": "text"
      }
  ],
  "schemaVersion": 22,
  "style": "dark",
  "tags": ["oracle-emcc-app","oracle-emcc-datasource"],
  "templating": {
    "list": [
      {
        "current": {

        },
        "hide": 0,
        "includeAll": false,
        "label": "EM",
        "multi": false,
        "name": "oem_gf_emsite",
        "options": [],
        "query": "oracle-emcc-datasource",
        "refresh": 1,
        "regex": "",
        "skipUrlSync": false,
        "type": "datasource"
      }
    ]
  },
  "time": {
    "from": "now-5d",
    "to": "now"
  },
  "timepicker": {
    "refresh_intervals": [
      "5m",
      "15m",
      "30m",
      "1h",
      "2h",
      "1d"
    ]
  },
  "timezone": "",
  "title": "Template - Single EM",
  "version": 3
}
